,uid,individual,simulation,frame,video_clip,optical,disparity,eye,head,cs_class,fms
0,d38405e6-24a3-43,1,BeachTeleportation,/frames/d38405e6-24a3-43/,/clip-d38405e6-24a3-43.mp4,/optic-d38405e6-24a3-43.mp4,/disp-d38405e6-24a3-43.mp4,/eye-d38405e6-24a3-43.csv,/head-d38405e6-24a3-43.csv,0,0
1,ad1ceab1-1769-44,1,BeachTeleportation,/frames/ad1ceab1-1769-44/,/clip-ad1ceab1-1769-44.mp4,/optic-ad1ceab1-1769-44.mp4,/disp-ad1ceab1-1769-44.mp4,/eye-ad1ceab1-1769-44.csv,/head-ad1ceab1-1769-44.csv,1,1
2,27b0760c-23e1-4d,1,BeachTeleportation,/frames/27b0760c-23e1-4d/,/clip-27b0760c-23e1-4d.mp4,/optic-27b0760c-23e1-4d.mp4,/disp-27b0760c-23e1-4d.mp4,/eye-27b0760c-23e1-4d.csv,/head-27b0760c-23e1-4d.csv,1,1
3,d6bf9f47-1d1c-45,1,BeachTeleportation,/frames/d6bf9f47-1d1c-45/,/clip-d6bf9f47-1d1c-45.mp4,/optic-d6bf9f47-1d1c-45.mp4,/disp-d6bf9f47-1d1c-45.mp4,/eye-d6bf9f47-1d1c-45.csv,/head-d6bf9f47-1d1c-45.csv,1,2
4,76e1681b-95ac-41,1,BeachTeleportation,/frames/76e1681b-95ac-41/,/clip-76e1681b-95ac-41.mp4,/optic-76e1681b-95ac-41.mp4,/disp-76e1681b-95ac-41.mp4,/eye-76e1681b-95ac-41.csv,/head-76e1681b-95ac-41.csv,1,1
5,03c8463d-c9dd-49,1,BeachTeleportation,/frames/03c8463d-c9dd-49/,/clip-03c8463d-c9dd-49.mp4,/optic-03c8463d-c9dd-49.mp4,/disp-03c8463d-c9dd-49.mp4,/eye-03c8463d-c9dd-49.csv,/head-03c8463d-c9dd-49.csv,1,2
6,6213ae2b-ec5d-45,1,BeachTeleportation,/frames/6213ae2b-ec5d-45/,/clip-6213ae2b-ec5d-45.mp4,/optic-6213ae2b-ec5d-45.mp4,/disp-6213ae2b-ec5d-45.mp4,/eye-6213ae2b-ec5d-45.csv,/head-6213ae2b-ec5d-45.csv,1,2
7,54e863cb-0f1d-43,1,BeachTeleportation,/frames/54e863cb-0f1d-43/,/clip-54e863cb-0f1d-43.mp4,/optic-54e863cb-0f1d-43.mp4,/disp-54e863cb-0f1d-43.mp4,/eye-54e863cb-0f1d-43.csv,/head-54e863cb-0f1d-43.csv,2,2
8,536a48f3-9214-4f,1,BeachTeleportation,/frames/536a48f3-9214-4f/,/clip-536a48f3-9214-4f.mp4,/optic-536a48f3-9214-4f.mp4,/disp-536a48f3-9214-4f.mp4,/eye-536a48f3-9214-4f.csv,/head-536a48f3-9214-4f.csv,1,1
9,8e69b5d9-a4da-40,1,BeachTeleportation,/frames/8e69b5d9-a4da-40/,/clip-8e69b5d9-a4da-40.mp4,/optic-8e69b5d9-a4da-40.mp4,/disp-8e69b5d9-a4da-40.mp4,/eye-8e69b5d9-a4da-40.csv,/head-8e69b5d9-a4da-40.csv,1,1
10,3b5fcb95-18d4-41,1,BeachTeleportation,/frames/3b5fcb95-18d4-41/,/clip-3b5fcb95-18d4-41.mp4,/optic-3b5fcb95-18d4-41.mp4,/disp-3b5fcb95-18d4-41.mp4,/eye-3b5fcb95-18d4-41.csv,/head-3b5fcb95-18d4-41.csv,2,1
11,51c7c884-d2d0-42,1,BeachTeleportation,/frames/51c7c884-d2d0-42/,/clip-51c7c884-d2d0-42.mp4,/optic-51c7c884-d2d0-42.mp4,/disp-51c7c884-d2d0-42.mp4,/eye-51c7c884-d2d0-42.csv,/head-51c7c884-d2d0-42.csv,2,1
12,804f0ae6-4275-4d,1,BeachTeleportation,/frames/804f0ae6-4275-4d/,/clip-804f0ae6-4275-4d.mp4,/optic-804f0ae6-4275-4d.mp4,/disp-804f0ae6-4275-4d.mp4,/eye-804f0ae6-4275-4d.csv,/head-804f0ae6-4275-4d.csv,2,1
13,d6b224f4-3b5f-41,2,BeachTeleportation,/frames/d6b224f4-3b5f-41/,/clip-d6b224f4-3b5f-41.mp4,/optic-d6b224f4-3b5f-41.mp4,/disp-d6b224f4-3b5f-41.mp4,/eye-d6b224f4-3b5f-41.csv,/head-d6b224f4-3b5f-41.csv,0,0
14,1d95dc5c-726c-4c,2,BeachTeleportation,/frames/1d95dc5c-726c-4c/,/clip-1d95dc5c-726c-4c.mp4,/optic-1d95dc5c-726c-4c.mp4,/disp-1d95dc5c-726c-4c.mp4,/eye-1d95dc5c-726c-4c.csv,/head-1d95dc5c-726c-4c.csv,1,0
15,61004585-f85e-47,2,BeachTeleportation,/frames/61004585-f85e-47/,/clip-61004585-f85e-47.mp4,/optic-61004585-f85e-47.mp4,/disp-61004585-f85e-47.mp4,/eye-61004585-f85e-47.csv,/head-61004585-f85e-47.csv,1,0
16,f8b9f518-ed5d-47,2,BeachTeleportation,/frames/f8b9f518-ed5d-47/,/clip-f8b9f518-ed5d-47.mp4,/optic-f8b9f518-ed5d-47.mp4,/disp-f8b9f518-ed5d-47.mp4,/eye-f8b9f518-ed5d-47.csv,/head-f8b9f518-ed5d-47.csv,1,0
17,2f52df97-9cd1-40,2,BeachTeleportation,/frames/2f52df97-9cd1-40/,/clip-2f52df97-9cd1-40.mp4,/optic-2f52df97-9cd1-40.mp4,/disp-2f52df97-9cd1-40.mp4,/eye-2f52df97-9cd1-40.csv,/head-2f52df97-9cd1-40.csv,1,0
18,1cd46ecd-6991-41,2,BeachTeleportation,/frames/1cd46ecd-6991-41/,/clip-1cd46ecd-6991-41.mp4,/optic-1cd46ecd-6991-41.mp4,/disp-1cd46ecd-6991-41.mp4,/eye-1cd46ecd-6991-41.csv,/head-1cd46ecd-6991-41.csv,1,0
19,204ffddb-48b6-49,2,BeachTeleportation,/frames/204ffddb-48b6-49/,/clip-204ffddb-48b6-49.mp4,/optic-204ffddb-48b6-49.mp4,/disp-204ffddb-48b6-49.mp4,/eye-204ffddb-48b6-49.csv,/head-204ffddb-48b6-49.csv,1,0
20,face3148-0cc9-4b,2,BeachTeleportation,/frames/face3148-0cc9-4b/,/clip-face3148-0cc9-4b.mp4,/optic-face3148-0cc9-4b.mp4,/disp-face3148-0cc9-4b.mp4,/eye-face3148-0cc9-4b.csv,/head-face3148-0cc9-4b.csv,2,0
21,9efb8b93-553e-47,2,BeachTeleportation,/frames/9efb8b93-553e-47/,/clip-9efb8b93-553e-47.mp4,/optic-9efb8b93-553e-47.mp4,/disp-9efb8b93-553e-47.mp4,/eye-9efb8b93-553e-47.csv,/head-9efb8b93-553e-47.csv,1,0
22,deeb1ef2-9f7a-45,2,BeachTeleportation,/frames/deeb1ef2-9f7a-45/,/clip-deeb1ef2-9f7a-45.mp4,/optic-deeb1ef2-9f7a-45.mp4,/disp-deeb1ef2-9f7a-45.mp4,/eye-deeb1ef2-9f7a-45.csv,/head-deeb1ef2-9f7a-45.csv,1,0
23,da341cae-a25a-4a,2,BeachTeleportation,/frames/da341cae-a25a-4a/,/clip-da341cae-a25a-4a.mp4,/optic-da341cae-a25a-4a.mp4,/disp-da341cae-a25a-4a.mp4,/eye-da341cae-a25a-4a.csv,/head-da341cae-a25a-4a.csv,2,0
24,2eeed1b5-6d6d-49,2,BeachTeleportation,/frames/2eeed1b5-6d6d-49/,/clip-2eeed1b5-6d6d-49.mp4,/optic-2eeed1b5-6d6d-49.mp4,/disp-2eeed1b5-6d6d-49.mp4,/eye-2eeed1b5-6d6d-49.csv,/head-2eeed1b5-6d6d-49.csv,2,0
25,7c98df0a-16df-42,2,BeachTeleportation,/frames/7c98df0a-16df-42/,/clip-7c98df0a-16df-42.mp4,/optic-7c98df0a-16df-42.mp4,/disp-7c98df0a-16df-42.mp4,/eye-7c98df0a-16df-42.csv,/head-7c98df0a-16df-42.csv,2,0
26,0c484f88-4317-4d,3,BeachTeleportation,/frames/0c484f88-4317-4d/,/clip-0c484f88-4317-4d.mp4,/optic-0c484f88-4317-4d.mp4,/disp-0c484f88-4317-4d.mp4,/eye-0c484f88-4317-4d.csv,/head-0c484f88-4317-4d.csv,0,1
27,595bff46-fea4-4b,3,BeachTeleportation,/frames/595bff46-fea4-4b/,/clip-595bff46-fea4-4b.mp4,/optic-595bff46-fea4-4b.mp4,/disp-595bff46-fea4-4b.mp4,/eye-595bff46-fea4-4b.csv,/head-595bff46-fea4-4b.csv,1,1
28,0854851c-5a29-46,3,BeachTeleportation,/frames/0854851c-5a29-46/,/clip-0854851c-5a29-46.mp4,/optic-0854851c-5a29-46.mp4,/disp-0854851c-5a29-46.mp4,/eye-0854851c-5a29-46.csv,/head-0854851c-5a29-46.csv,1,1
29,45be4f00-4343-40,3,BeachTeleportation,/frames/45be4f00-4343-40/,/clip-45be4f00-4343-40.mp4,/optic-45be4f00-4343-40.mp4,/disp-45be4f00-4343-40.mp4,/eye-45be4f00-4343-40.csv,/head-45be4f00-4343-40.csv,1,1
30,4e14c233-a848-4a,3,BeachTeleportation,/frames/4e14c233-a848-4a/,/clip-4e14c233-a848-4a.mp4,/optic-4e14c233-a848-4a.mp4,/disp-4e14c233-a848-4a.mp4,/eye-4e14c233-a848-4a.csv,/head-4e14c233-a848-4a.csv,1,1
31,ee6c4d2d-cddb-4b,3,BeachTeleportation,/frames/ee6c4d2d-cddb-4b/,/clip-ee6c4d2d-cddb-4b.mp4,/optic-ee6c4d2d-cddb-4b.mp4,/disp-ee6c4d2d-cddb-4b.mp4,/eye-ee6c4d2d-cddb-4b.csv,/head-ee6c4d2d-cddb-4b.csv,1,1
32,da47518a-ec16-44,3,BeachTeleportation,/frames/da47518a-ec16-44/,/clip-da47518a-ec16-44.mp4,/optic-da47518a-ec16-44.mp4,/disp-da47518a-ec16-44.mp4,/eye-da47518a-ec16-44.csv,/head-da47518a-ec16-44.csv,1,1
33,78ad04c2-099b-48,3,BeachTeleportation,/frames/78ad04c2-099b-48/,/clip-78ad04c2-099b-48.mp4,/optic-78ad04c2-099b-48.mp4,/disp-78ad04c2-099b-48.mp4,/eye-78ad04c2-099b-48.csv,/head-78ad04c2-099b-48.csv,2,2
34,7c984d31-a84b-49,3,BeachTeleportation,/frames/7c984d31-a84b-49/,/clip-7c984d31-a84b-49.mp4,/optic-7c984d31-a84b-49.mp4,/disp-7c984d31-a84b-49.mp4,/eye-7c984d31-a84b-49.csv,/head-7c984d31-a84b-49.csv,1,1
35,de173ad9-34ed-4e,3,BeachTeleportation,/frames/de173ad9-34ed-4e/,/clip-de173ad9-34ed-4e.mp4,/optic-de173ad9-34ed-4e.mp4,/disp-de173ad9-34ed-4e.mp4,/eye-de173ad9-34ed-4e.csv,/head-de173ad9-34ed-4e.csv,1,2
36,b905cc90-5be3-4f,3,BeachTeleportation,/frames/b905cc90-5be3-4f/,/clip-b905cc90-5be3-4f.mp4,/optic-b905cc90-5be3-4f.mp4,/disp-b905cc90-5be3-4f.mp4,/eye-b905cc90-5be3-4f.csv,/head-b905cc90-5be3-4f.csv,2,3
37,12c95766-ede6-49,3,BeachTeleportation,/frames/12c95766-ede6-49/,/clip-12c95766-ede6-49.mp4,/optic-12c95766-ede6-49.mp4,/disp-12c95766-ede6-49.mp4,/eye-12c95766-ede6-49.csv,/head-12c95766-ede6-49.csv,2,3
38,db24c538-52a7-43,3,BeachTeleportation,/frames/db24c538-52a7-43/,/clip-db24c538-52a7-43.mp4,/optic-db24c538-52a7-43.mp4,/disp-db24c538-52a7-43.mp4,/eye-db24c538-52a7-43.csv,/head-db24c538-52a7-43.csv,2,3
39,0daa3af0-c2da-44,1,RollerCoaster,/frames/0daa3af0-c2da-44/,/clip-0daa3af0-c2da-44.mp4,/optic-0daa3af0-c2da-44.mp4,/disp-0daa3af0-c2da-44.mp4,/eye-0daa3af0-c2da-44.csv,/head-0daa3af0-c2da-44.csv,2,2
40,34890ca3-d855-49,1,RollerCoaster,/frames/34890ca3-d855-49/,/clip-34890ca3-d855-49.mp4,/optic-34890ca3-d855-49.mp4,/disp-34890ca3-d855-49.mp4,/eye-34890ca3-d855-49.csv,/head-34890ca3-d855-49.csv,3,3
41,d0b7fc23-05df-4f,1,RollerCoaster,/frames/d0b7fc23-05df-4f/,/clip-d0b7fc23-05df-4f.mp4,/optic-d0b7fc23-05df-4f.mp4,/disp-d0b7fc23-05df-4f.mp4,/eye-d0b7fc23-05df-4f.csv,/head-d0b7fc23-05df-4f.csv,3,3
42,70eb13e6-95b9-4b,1,RollerCoaster,/frames/70eb13e6-95b9-4b/,/clip-70eb13e6-95b9-4b.mp4,/optic-70eb13e6-95b9-4b.mp4,/disp-70eb13e6-95b9-4b.mp4,/eye-70eb13e6-95b9-4b.csv,/head-70eb13e6-95b9-4b.csv,3,2
43,e9430c5f-7f7f-42,1,RollerCoaster,/frames/e9430c5f-7f7f-42/,/clip-e9430c5f-7f7f-42.mp4,/optic-e9430c5f-7f7f-42.mp4,/disp-e9430c5f-7f7f-42.mp4,/eye-e9430c5f-7f7f-42.csv,/head-e9430c5f-7f7f-42.csv,2,1
44,00f46569-ca56-48,1,RollerCoaster,/frames/00f46569-ca56-48/,/clip-00f46569-ca56-48.mp4,/optic-00f46569-ca56-48.mp4,/disp-00f46569-ca56-48.mp4,/eye-00f46569-ca56-48.csv,/head-00f46569-ca56-48.csv,3,1
45,c74fab82-c3f9-41,1,RollerCoaster,/frames/c74fab82-c3f9-41/,/clip-c74fab82-c3f9-41.mp4,/optic-c74fab82-c3f9-41.mp4,/disp-c74fab82-c3f9-41.mp4,/eye-c74fab82-c3f9-41.csv,/head-c74fab82-c3f9-41.csv,3,0
46,3ae909f7-dabe-44,1,RollerCoaster,/frames/3ae909f7-dabe-44/,/clip-3ae909f7-dabe-44.mp4,/optic-3ae909f7-dabe-44.mp4,/disp-3ae909f7-dabe-44.mp4,/eye-3ae909f7-dabe-44.csv,/head-3ae909f7-dabe-44.csv,3,0
47,10c5aa54-db8b-4a,1,RollerCoaster,/frames/10c5aa54-db8b-4a/,/clip-10c5aa54-db8b-4a.mp4,/optic-10c5aa54-db8b-4a.mp4,/disp-10c5aa54-db8b-4a.mp4,/eye-10c5aa54-db8b-4a.csv,/head-10c5aa54-db8b-4a.csv,3,1
48,a0c7d351-d72f-4d,1,RollerCoaster,/frames/a0c7d351-d72f-4d/,/clip-a0c7d351-d72f-4d.mp4,/optic-a0c7d351-d72f-4d.mp4,/disp-a0c7d351-d72f-4d.mp4,/eye-a0c7d351-d72f-4d.csv,/head-a0c7d351-d72f-4d.csv,3,1
49,ba7bb6aa-b351-42,1,RollerCoaster,/frames/ba7bb6aa-b351-42/,/clip-ba7bb6aa-b351-42.mp4,/optic-ba7bb6aa-b351-42.mp4,/disp-ba7bb6aa-b351-42.mp4,/eye-ba7bb6aa-b351-42.csv,/head-ba7bb6aa-b351-42.csv,3,0
50,25ac62a3-dfdd-46,1,RollerCoaster,/frames/25ac62a3-dfdd-46/,/clip-25ac62a3-dfdd-46.mp4,/optic-25ac62a3-dfdd-46.mp4,/disp-25ac62a3-dfdd-46.mp4,/eye-25ac62a3-dfdd-46.csv,/head-25ac62a3-dfdd-46.csv,3,2
51,2b17a34d-7edc-47,1,RollerCoaster,/frames/2b17a34d-7edc-47/,/clip-2b17a34d-7edc-47.mp4,/optic-2b17a34d-7edc-47.mp4,/disp-2b17a34d-7edc-47.mp4,/eye-2b17a34d-7edc-47.csv,/head-2b17a34d-7edc-47.csv,3,2
52,9e233ad9-d5c7-4d,2,RollerCoaster,/frames/9e233ad9-d5c7-4d/,/clip-9e233ad9-d5c7-4d.mp4,/optic-9e233ad9-d5c7-4d.mp4,/disp-9e233ad9-d5c7-4d.mp4,/eye-9e233ad9-d5c7-4d.csv,/head-9e233ad9-d5c7-4d.csv,2,0
53,af91b3a2-8efa-43,2,RollerCoaster,/frames/af91b3a2-8efa-43/,/clip-af91b3a2-8efa-43.mp4,/optic-af91b3a2-8efa-43.mp4,/disp-af91b3a2-8efa-43.mp4,/eye-af91b3a2-8efa-43.csv,/head-af91b3a2-8efa-43.csv,3,0
54,9eeb7a1d-14f0-44,2,RollerCoaster,/frames/9eeb7a1d-14f0-44/,/clip-9eeb7a1d-14f0-44.mp4,/optic-9eeb7a1d-14f0-44.mp4,/disp-9eeb7a1d-14f0-44.mp4,/eye-9eeb7a1d-14f0-44.csv,/head-9eeb7a1d-14f0-44.csv,3,0
55,0b02f3bf-9b06-48,2,RollerCoaster,/frames/0b02f3bf-9b06-48/,/clip-0b02f3bf-9b06-48.mp4,/optic-0b02f3bf-9b06-48.mp4,/disp-0b02f3bf-9b06-48.mp4,/eye-0b02f3bf-9b06-48.csv,/head-0b02f3bf-9b06-48.csv,3,0
56,e40bdf4a-7a00-45,2,RollerCoaster,/frames/e40bdf4a-7a00-45/,/clip-e40bdf4a-7a00-45.mp4,/optic-e40bdf4a-7a00-45.mp4,/disp-e40bdf4a-7a00-45.mp4,/eye-e40bdf4a-7a00-45.csv,/head-e40bdf4a-7a00-45.csv,2,1
57,de00d6ec-ae69-4a,2,RollerCoaster,/frames/de00d6ec-ae69-4a/,/clip-de00d6ec-ae69-4a.mp4,/optic-de00d6ec-ae69-4a.mp4,/disp-de00d6ec-ae69-4a.mp4,/eye-de00d6ec-ae69-4a.csv,/head-de00d6ec-ae69-4a.csv,3,1
58,84b60297-6f87-4c,2,RollerCoaster,/frames/84b60297-6f87-4c/,/clip-84b60297-6f87-4c.mp4,/optic-84b60297-6f87-4c.mp4,/disp-84b60297-6f87-4c.mp4,/eye-84b60297-6f87-4c.csv,/head-84b60297-6f87-4c.csv,3,1
59,0c8c0379-e872-41,2,RollerCoaster,/frames/0c8c0379-e872-41/,/clip-0c8c0379-e872-41.mp4,/optic-0c8c0379-e872-41.mp4,/disp-0c8c0379-e872-41.mp4,/eye-0c8c0379-e872-41.csv,/head-0c8c0379-e872-41.csv,3,1
60,271fdd64-323e-45,2,RollerCoaster,/frames/271fdd64-323e-45/,/clip-271fdd64-323e-45.mp4,/optic-271fdd64-323e-45.mp4,/disp-271fdd64-323e-45.mp4,/eye-271fdd64-323e-45.csv,/head-271fdd64-323e-45.csv,3,2
61,c122ba6c-36dc-4c,2,RollerCoaster,/frames/c122ba6c-36dc-4c/,/clip-c122ba6c-36dc-4c.mp4,/optic-c122ba6c-36dc-4c.mp4,/disp-c122ba6c-36dc-4c.mp4,/eye-c122ba6c-36dc-4c.csv,/head-c122ba6c-36dc-4c.csv,3,2
62,f7e7f3ad-eb24-44,2,RollerCoaster,/frames/f7e7f3ad-eb24-44/,/clip-f7e7f3ad-eb24-44.mp4,/optic-f7e7f3ad-eb24-44.mp4,/disp-f7e7f3ad-eb24-44.mp4,/eye-f7e7f3ad-eb24-44.csv,/head-f7e7f3ad-eb24-44.csv,3,3
63,5bee31ab-c9fe-4c,2,RollerCoaster,/frames/5bee31ab-c9fe-4c/,/clip-5bee31ab-c9fe-4c.mp4,/optic-5bee31ab-c9fe-4c.mp4,/disp-5bee31ab-c9fe-4c.mp4,/eye-5bee31ab-c9fe-4c.csv,/head-5bee31ab-c9fe-4c.csv,3,2
64,aae97f72-43d3-40,2,RollerCoaster,/frames/aae97f72-43d3-40/,/clip-aae97f72-43d3-40.mp4,/optic-aae97f72-43d3-40.mp4,/disp-aae97f72-43d3-40.mp4,/eye-aae97f72-43d3-40.csv,/head-aae97f72-43d3-40.csv,3,3
65,4cec3eea-0cc0-43,3,RollerCoaster,/frames/4cec3eea-0cc0-43/,/clip-4cec3eea-0cc0-43.mp4,/optic-4cec3eea-0cc0-43.mp4,/disp-4cec3eea-0cc0-43.mp4,/eye-4cec3eea-0cc0-43.csv,/head-4cec3eea-0cc0-43.csv,2,2
66,c9dee5eb-3f9f-45,3,RollerCoaster,/frames/c9dee5eb-3f9f-45/,/clip-c9dee5eb-3f9f-45.mp4,/optic-c9dee5eb-3f9f-45.mp4,/disp-c9dee5eb-3f9f-45.mp4,/eye-c9dee5eb-3f9f-45.csv,/head-c9dee5eb-3f9f-45.csv,3,8
67,a040d873-7e8c-4d,3,RollerCoaster,/frames/a040d873-7e8c-4d/,/clip-a040d873-7e8c-4d.mp4,/optic-a040d873-7e8c-4d.mp4,/disp-a040d873-7e8c-4d.mp4,/eye-a040d873-7e8c-4d.csv,/head-a040d873-7e8c-4d.csv,3,5
68,96f88f80-0d38-4b,3,RollerCoaster,/frames/96f88f80-0d38-4b/,/clip-96f88f80-0d38-4b.mp4,/optic-96f88f80-0d38-4b.mp4,/disp-96f88f80-0d38-4b.mp4,/eye-96f88f80-0d38-4b.csv,/head-96f88f80-0d38-4b.csv,3,5
69,b458b517-898f-43,3,RollerCoaster,/frames/b458b517-898f-43/,/clip-b458b517-898f-43.mp4,/optic-b458b517-898f-43.mp4,/disp-b458b517-898f-43.mp4,/eye-b458b517-898f-43.csv,/head-b458b517-898f-43.csv,2,4
70,2042115b-bbeb-4b,3,RollerCoaster,/frames/2042115b-bbeb-4b/,/clip-2042115b-bbeb-4b.mp4,/optic-2042115b-bbeb-4b.mp4,/disp-2042115b-bbeb-4b.mp4,/eye-2042115b-bbeb-4b.csv,/head-2042115b-bbeb-4b.csv,3,6
71,16b1e9a6-0b07-45,3,RollerCoaster,/frames/16b1e9a6-0b07-45/,/clip-16b1e9a6-0b07-45.mp4,/optic-16b1e9a6-0b07-45.mp4,/disp-16b1e9a6-0b07-45.mp4,/eye-16b1e9a6-0b07-45.csv,/head-16b1e9a6-0b07-45.csv,3,6
72,7ecad126-0dc0-40,3,RollerCoaster,/frames/7ecad126-0dc0-40/,/clip-7ecad126-0dc0-40.mp4,/optic-7ecad126-0dc0-40.mp4,/disp-7ecad126-0dc0-40.mp4,/eye-7ecad126-0dc0-40.csv,/head-7ecad126-0dc0-40.csv,3,7
73,d7863933-e0e5-4e,3,RollerCoaster,/frames/d7863933-e0e5-4e/,/clip-d7863933-e0e5-4e.mp4,/optic-d7863933-e0e5-4e.mp4,/disp-d7863933-e0e5-4e.mp4,/eye-d7863933-e0e5-4e.csv,/head-d7863933-e0e5-4e.csv,3,7
74,4eb69f9a-c66c-47,3,RollerCoaster,/frames/4eb69f9a-c66c-47/,/clip-4eb69f9a-c66c-47.mp4,/optic-4eb69f9a-c66c-47.mp4,/disp-4eb69f9a-c66c-47.mp4,/eye-4eb69f9a-c66c-47.csv,/head-4eb69f9a-c66c-47.csv,3,8
75,bd2e9276-df48-41,3,RollerCoaster,/frames/bd2e9276-df48-41/,/clip-bd2e9276-df48-41.mp4,/optic-bd2e9276-df48-41.mp4,/disp-bd2e9276-df48-41.mp4,/eye-bd2e9276-df48-41.csv,/head-bd2e9276-df48-41.csv,3,7
76,836e8aaa-02a5-47,3,RollerCoaster,/frames/836e8aaa-02a5-47/,/clip-836e8aaa-02a5-47.mp4,/optic-836e8aaa-02a5-47.mp4,/disp-836e8aaa-02a5-47.mp4,/eye-836e8aaa-02a5-47.csv,/head-836e8aaa-02a5-47.csv,3,6
77,3b7eeb28-9cd8-45,3,RollerCoaster,/frames/3b7eeb28-9cd8-45/,/clip-3b7eeb28-9cd8-45.mp4,/optic-3b7eeb28-9cd8-45.mp4,/disp-3b7eeb28-9cd8-45.mp4,/eye-3b7eeb28-9cd8-45.csv,/head-3b7eeb28-9cd8-45.csv,3,6
78,a388291d-195e-4c,1,RoomSimulation,/frames/a388291d-195e-4c/,/clip-a388291d-195e-4c.mp4,/optic-a388291d-195e-4c.mp4,/disp-a388291d-195e-4c.mp4,/eye-a388291d-195e-4c.csv,/head-a388291d-195e-4c.csv,0,0
79,e945e92c-7b9c-47,1,RoomSimulation,/frames/e945e92c-7b9c-47/,/clip-e945e92c-7b9c-47.mp4,/optic-e945e92c-7b9c-47.mp4,/disp-e945e92c-7b9c-47.mp4,/eye-e945e92c-7b9c-47.csv,/head-e945e92c-7b9c-47.csv,0,0
80,12629540-5bb7-4b,1,RoomSimulation,/frames/12629540-5bb7-4b/,/clip-12629540-5bb7-4b.mp4,/optic-12629540-5bb7-4b.mp4,/disp-12629540-5bb7-4b.mp4,/eye-12629540-5bb7-4b.csv,/head-12629540-5bb7-4b.csv,0,0
81,dbf05724-193e-48,1,RoomSimulation,/frames/dbf05724-193e-48/,/clip-dbf05724-193e-48.mp4,/optic-dbf05724-193e-48.mp4,/disp-dbf05724-193e-48.mp4,/eye-dbf05724-193e-48.csv,/head-dbf05724-193e-48.csv,0,0
82,047fb4e1-c54b-45,1,RoomSimulation,/frames/047fb4e1-c54b-45/,/clip-047fb4e1-c54b-45.mp4,/optic-047fb4e1-c54b-45.mp4,/disp-047fb4e1-c54b-45.mp4,/eye-047fb4e1-c54b-45.csv,/head-047fb4e1-c54b-45.csv,0,0
83,eddbe25d-a1fc-42,1,RoomSimulation,/frames/eddbe25d-a1fc-42/,/clip-eddbe25d-a1fc-42.mp4,/optic-eddbe25d-a1fc-42.mp4,/disp-eddbe25d-a1fc-42.mp4,/eye-eddbe25d-a1fc-42.csv,/head-eddbe25d-a1fc-42.csv,0,0
84,27dee97d-0db9-47,1,RoomSimulation,/frames/27dee97d-0db9-47/,/clip-27dee97d-0db9-47.mp4,/optic-27dee97d-0db9-47.mp4,/disp-27dee97d-0db9-47.mp4,/eye-27dee97d-0db9-47.csv,/head-27dee97d-0db9-47.csv,0,0
85,dfe2e664-516c-4f,1,RoomSimulation,/frames/dfe2e664-516c-4f/,/clip-dfe2e664-516c-4f.mp4,/optic-dfe2e664-516c-4f.mp4,/disp-dfe2e664-516c-4f.mp4,/eye-dfe2e664-516c-4f.csv,/head-dfe2e664-516c-4f.csv,0,0
86,19e79f03-4835-48,1,RoomSimulation,/frames/19e79f03-4835-48/,/clip-19e79f03-4835-48.mp4,/optic-19e79f03-4835-48.mp4,/disp-19e79f03-4835-48.mp4,/eye-19e79f03-4835-48.csv,/head-19e79f03-4835-48.csv,0,0
87,5376a1c4-4818-44,1,RoomSimulation,/frames/5376a1c4-4818-44/,/clip-5376a1c4-4818-44.mp4,/optic-5376a1c4-4818-44.mp4,/disp-5376a1c4-4818-44.mp4,/eye-5376a1c4-4818-44.csv,/head-5376a1c4-4818-44.csv,0,0
88,fcef7b0d-b451-4e,1,RoomSimulation,/frames/fcef7b0d-b451-4e/,/clip-fcef7b0d-b451-4e.mp4,/optic-fcef7b0d-b451-4e.mp4,/disp-fcef7b0d-b451-4e.mp4,/eye-fcef7b0d-b451-4e.csv,/head-fcef7b0d-b451-4e.csv,0,0
89,e7e2b9ee-486e-42,1,RoomSimulation,/frames/e7e2b9ee-486e-42/,/clip-e7e2b9ee-486e-42.mp4,/optic-e7e2b9ee-486e-42.mp4,/disp-e7e2b9ee-486e-42.mp4,/eye-e7e2b9ee-486e-42.csv,/head-e7e2b9ee-486e-42.csv,0,0
90,493a97b0-d542-46,1,RoomSimulation,/frames/493a97b0-d542-46/,/clip-493a97b0-d542-46.mp4,/optic-493a97b0-d542-46.mp4,/disp-493a97b0-d542-46.mp4,/eye-493a97b0-d542-46.csv,/head-493a97b0-d542-46.csv,0,0
91,cf3f97c8-969c-47,2,RoomSimulation,/frames/cf3f97c8-969c-47/,/clip-cf3f97c8-969c-47.mp4,/optic-cf3f97c8-969c-47.mp4,/disp-cf3f97c8-969c-47.mp4,/eye-cf3f97c8-969c-47.csv,/head-cf3f97c8-969c-47.csv,0,0
92,cf1cb7c0-c8a8-4d,2,RoomSimulation,/frames/cf1cb7c0-c8a8-4d/,/clip-cf1cb7c0-c8a8-4d.mp4,/optic-cf1cb7c0-c8a8-4d.mp4,/disp-cf1cb7c0-c8a8-4d.mp4,/eye-cf1cb7c0-c8a8-4d.csv,/head-cf1cb7c0-c8a8-4d.csv,0,0
93,86c92be3-ffa8-41,2,RoomSimulation,/frames/86c92be3-ffa8-41/,/clip-86c92be3-ffa8-41.mp4,/optic-86c92be3-ffa8-41.mp4,/disp-86c92be3-ffa8-41.mp4,/eye-86c92be3-ffa8-41.csv,/head-86c92be3-ffa8-41.csv,0,0
94,b36196a0-6050-47,2,RoomSimulation,/frames/b36196a0-6050-47/,/clip-b36196a0-6050-47.mp4,/optic-b36196a0-6050-47.mp4,/disp-b36196a0-6050-47.mp4,/eye-b36196a0-6050-47.csv,/head-b36196a0-6050-47.csv,0,0
95,616dae05-aab2-49,2,RoomSimulation,/frames/616dae05-aab2-49/,/clip-616dae05-aab2-49.mp4,/optic-616dae05-aab2-49.mp4,/disp-616dae05-aab2-49.mp4,/eye-616dae05-aab2-49.csv,/head-616dae05-aab2-49.csv,0,0
96,1abe72bf-d86d-4f,2,RoomSimulation,/frames/1abe72bf-d86d-4f/,/clip-1abe72bf-d86d-4f.mp4,/optic-1abe72bf-d86d-4f.mp4,/disp-1abe72bf-d86d-4f.mp4,/eye-1abe72bf-d86d-4f.csv,/head-1abe72bf-d86d-4f.csv,0,0
97,4b400ed6-826e-4f,2,RoomSimulation,/frames/4b400ed6-826e-4f/,/clip-4b400ed6-826e-4f.mp4,/optic-4b400ed6-826e-4f.mp4,/disp-4b400ed6-826e-4f.mp4,/eye-4b400ed6-826e-4f.csv,/head-4b400ed6-826e-4f.csv,0,0
98,b6da0c9e-a593-42,2,RoomSimulation,/frames/b6da0c9e-a593-42/,/clip-b6da0c9e-a593-42.mp4,/optic-b6da0c9e-a593-42.mp4,/disp-b6da0c9e-a593-42.mp4,/eye-b6da0c9e-a593-42.csv,/head-b6da0c9e-a593-42.csv,0,0
99,38d8f5ff-faa7-45,2,RoomSimulation,/frames/38d8f5ff-faa7-45/,/clip-38d8f5ff-faa7-45.mp4,/optic-38d8f5ff-faa7-45.mp4,/disp-38d8f5ff-faa7-45.mp4,/eye-38d8f5ff-faa7-45.csv,/head-38d8f5ff-faa7-45.csv,0,0
100,01cbfb14-124f-42,2,RoomSimulation,/frames/01cbfb14-124f-42/,/clip-01cbfb14-124f-42.mp4,/optic-01cbfb14-124f-42.mp4,/disp-01cbfb14-124f-42.mp4,/eye-01cbfb14-124f-42.csv,/head-01cbfb14-124f-42.csv,0,0
101,2c57e80a-dce2-47,2,RoomSimulation,/frames/2c57e80a-dce2-47/,/clip-2c57e80a-dce2-47.mp4,/optic-2c57e80a-dce2-47.mp4,/disp-2c57e80a-dce2-47.mp4,/eye-2c57e80a-dce2-47.csv,/head-2c57e80a-dce2-47.csv,0,0
102,3265a82a-11ee-4e,2,RoomSimulation,/frames/3265a82a-11ee-4e/,/clip-3265a82a-11ee-4e.mp4,/optic-3265a82a-11ee-4e.mp4,/disp-3265a82a-11ee-4e.mp4,/eye-3265a82a-11ee-4e.csv,/head-3265a82a-11ee-4e.csv,0,0
103,b8b09a97-b698-47,2,RoomSimulation,/frames/b8b09a97-b698-47/,/clip-b8b09a97-b698-47.mp4,/optic-b8b09a97-b698-47.mp4,/disp-b8b09a97-b698-47.mp4,/eye-b8b09a97-b698-47.csv,/head-b8b09a97-b698-47.csv,0,0
104,3e8eb1c0-05d2-48,3,RoomSimulation,/frames/3e8eb1c0-05d2-48/,/clip-3e8eb1c0-05d2-48.mp4,/optic-3e8eb1c0-05d2-48.mp4,/disp-3e8eb1c0-05d2-48.mp4,/eye-3e8eb1c0-05d2-48.csv,/head-3e8eb1c0-05d2-48.csv,0,0
105,a88d64b4-b973-4d,3,RoomSimulation,/frames/a88d64b4-b973-4d/,/clip-a88d64b4-b973-4d.mp4,/optic-a88d64b4-b973-4d.mp4,/disp-a88d64b4-b973-4d.mp4,/eye-a88d64b4-b973-4d.csv,/head-a88d64b4-b973-4d.csv,0,0
106,0e3c9cde-fef8-45,3,RoomSimulation,/frames/0e3c9cde-fef8-45/,/clip-0e3c9cde-fef8-45.mp4,/optic-0e3c9cde-fef8-45.mp4,/disp-0e3c9cde-fef8-45.mp4,/eye-0e3c9cde-fef8-45.csv,/head-0e3c9cde-fef8-45.csv,0,0
107,6460ae5e-e92a-47,3,RoomSimulation,/frames/6460ae5e-e92a-47/,/clip-6460ae5e-e92a-47.mp4,/optic-6460ae5e-e92a-47.mp4,/disp-6460ae5e-e92a-47.mp4,/eye-6460ae5e-e92a-47.csv,/head-6460ae5e-e92a-47.csv,0,0
108,8fb872be-598e-46,3,RoomSimulation,/frames/8fb872be-598e-46/,/clip-8fb872be-598e-46.mp4,/optic-8fb872be-598e-46.mp4,/disp-8fb872be-598e-46.mp4,/eye-8fb872be-598e-46.csv,/head-8fb872be-598e-46.csv,0,0
109,37d621ea-4dbc-48,3,RoomSimulation,/frames/37d621ea-4dbc-48/,/clip-37d621ea-4dbc-48.mp4,/optic-37d621ea-4dbc-48.mp4,/disp-37d621ea-4dbc-48.mp4,/eye-37d621ea-4dbc-48.csv,/head-37d621ea-4dbc-48.csv,0,0
110,a710d67e-7ab0-4d,3,RoomSimulation,/frames/a710d67e-7ab0-4d/,/clip-a710d67e-7ab0-4d.mp4,/optic-a710d67e-7ab0-4d.mp4,/disp-a710d67e-7ab0-4d.mp4,/eye-a710d67e-7ab0-4d.csv,/head-a710d67e-7ab0-4d.csv,0,0
111,193ae47e-b86c-4b,3,RoomSimulation,/frames/193ae47e-b86c-4b/,/clip-193ae47e-b86c-4b.mp4,/optic-193ae47e-b86c-4b.mp4,/disp-193ae47e-b86c-4b.mp4,/eye-193ae47e-b86c-4b.csv,/head-193ae47e-b86c-4b.csv,0,0
112,a67e2088-3196-41,3,RoomSimulation,/frames/a67e2088-3196-41/,/clip-a67e2088-3196-41.mp4,/optic-a67e2088-3196-41.mp4,/disp-a67e2088-3196-41.mp4,/eye-a67e2088-3196-41.csv,/head-a67e2088-3196-41.csv,0,0
113,d6901ef3-4a4e-42,3,RoomSimulation,/frames/d6901ef3-4a4e-42/,/clip-d6901ef3-4a4e-42.mp4,/optic-d6901ef3-4a4e-42.mp4,/disp-d6901ef3-4a4e-42.mp4,/eye-d6901ef3-4a4e-42.csv,/head-d6901ef3-4a4e-42.csv,0,0
114,d0a33c9f-00b6-4e,3,RoomSimulation,/frames/d0a33c9f-00b6-4e/,/clip-d0a33c9f-00b6-4e.mp4,/optic-d0a33c9f-00b6-4e.mp4,/disp-d0a33c9f-00b6-4e.mp4,/eye-d0a33c9f-00b6-4e.csv,/head-d0a33c9f-00b6-4e.csv,0,0
115,d911e845-033f-4c,3,RoomSimulation,/frames/d911e845-033f-4c/,/clip-d911e845-033f-4c.mp4,/optic-d911e845-033f-4c.mp4,/disp-d911e845-033f-4c.mp4,/eye-d911e845-033f-4c.csv,/head-d911e845-033f-4c.csv,0,0
116,a36e040e-d6b9-46,3,RoomSimulation,/frames/a36e040e-d6b9-46/,/clip-a36e040e-d6b9-46.mp4,/optic-a36e040e-d6b9-46.mp4,/disp-a36e040e-d6b9-46.mp4,/eye-a36e040e-d6b9-46.csv,/head-a36e040e-d6b9-46.csv,0,0
117,de2919ab-df1b-4e,1,SeaVoyage,/frames/de2919ab-df1b-4e/,/clip-de2919ab-df1b-4e.mp4,/optic-de2919ab-df1b-4e.mp4,/disp-de2919ab-df1b-4e.mp4,/eye-de2919ab-df1b-4e.csv,/head-de2919ab-df1b-4e.csv,1,0
118,02dfdaa7-a997-47,1,SeaVoyage,/frames/02dfdaa7-a997-47/,/clip-02dfdaa7-a997-47.mp4,/optic-02dfdaa7-a997-47.mp4,/disp-02dfdaa7-a997-47.mp4,/eye-02dfdaa7-a997-47.csv,/head-02dfdaa7-a997-47.csv,1,0
119,f790c474-bbc5-4f,1,SeaVoyage,/frames/f790c474-bbc5-4f/,/clip-f790c474-bbc5-4f.mp4,/optic-f790c474-bbc5-4f.mp4,/disp-f790c474-bbc5-4f.mp4,/eye-f790c474-bbc5-4f.csv,/head-f790c474-bbc5-4f.csv,1,0
120,3ab2300a-3ba9-47,1,SeaVoyage,/frames/3ab2300a-3ba9-47/,/clip-3ab2300a-3ba9-47.mp4,/optic-3ab2300a-3ba9-47.mp4,/disp-3ab2300a-3ba9-47.mp4,/eye-3ab2300a-3ba9-47.csv,/head-3ab2300a-3ba9-47.csv,1,0
121,7e433923-0576-4b,1,SeaVoyage,/frames/7e433923-0576-4b/,/clip-7e433923-0576-4b.mp4,/optic-7e433923-0576-4b.mp4,/disp-7e433923-0576-4b.mp4,/eye-7e433923-0576-4b.csv,/head-7e433923-0576-4b.csv,2,0
122,cb52deb3-a803-4e,1,SeaVoyage,/frames/cb52deb3-a803-4e/,/clip-cb52deb3-a803-4e.mp4,/optic-cb52deb3-a803-4e.mp4,/disp-cb52deb3-a803-4e.mp4,/eye-cb52deb3-a803-4e.csv,/head-cb52deb3-a803-4e.csv,2,0
123,dae0ebb1-d22f-4b,1,SeaVoyage,/frames/dae0ebb1-d22f-4b/,/clip-dae0ebb1-d22f-4b.mp4,/optic-dae0ebb1-d22f-4b.mp4,/disp-dae0ebb1-d22f-4b.mp4,/eye-dae0ebb1-d22f-4b.csv,/head-dae0ebb1-d22f-4b.csv,2,0
124,6f73514e-3a62-4b,1,SeaVoyage,/frames/6f73514e-3a62-4b/,/clip-6f73514e-3a62-4b.mp4,/optic-6f73514e-3a62-4b.mp4,/disp-6f73514e-3a62-4b.mp4,/eye-6f73514e-3a62-4b.csv,/head-6f73514e-3a62-4b.csv,2,0
125,9da0d60d-04f0-4b,1,SeaVoyage,/frames/9da0d60d-04f0-4b/,/clip-9da0d60d-04f0-4b.mp4,/optic-9da0d60d-04f0-4b.mp4,/disp-9da0d60d-04f0-4b.mp4,/eye-9da0d60d-04f0-4b.csv,/head-9da0d60d-04f0-4b.csv,2,0
126,8f06d02e-f754-4e,1,SeaVoyage,/frames/8f06d02e-f754-4e/,/clip-8f06d02e-f754-4e.mp4,/optic-8f06d02e-f754-4e.mp4,/disp-8f06d02e-f754-4e.mp4,/eye-8f06d02e-f754-4e.csv,/head-8f06d02e-f754-4e.csv,2,0
127,b8db7c04-e0d9-4b,1,SeaVoyage,/frames/b8db7c04-e0d9-4b/,/clip-b8db7c04-e0d9-4b.mp4,/optic-b8db7c04-e0d9-4b.mp4,/disp-b8db7c04-e0d9-4b.mp4,/eye-b8db7c04-e0d9-4b.csv,/head-b8db7c04-e0d9-4b.csv,2,0
128,ea511b6f-0ac6-4f,1,SeaVoyage,/frames/ea511b6f-0ac6-4f/,/clip-ea511b6f-0ac6-4f.mp4,/optic-ea511b6f-0ac6-4f.mp4,/disp-ea511b6f-0ac6-4f.mp4,/eye-ea511b6f-0ac6-4f.csv,/head-ea511b6f-0ac6-4f.csv,2,0
129,8f27c84a-64b8-42,1,SeaVoyage,/frames/8f27c84a-64b8-42/,/clip-8f27c84a-64b8-42.mp4,/optic-8f27c84a-64b8-42.mp4,/disp-8f27c84a-64b8-42.mp4,/eye-8f27c84a-64b8-42.csv,/head-8f27c84a-64b8-42.csv,2,0
130,6a0faee6-25f2-47,2,SeaVoyage,/frames/6a0faee6-25f2-47/,/clip-6a0faee6-25f2-47.mp4,/optic-6a0faee6-25f2-47.mp4,/disp-6a0faee6-25f2-47.mp4,/eye-6a0faee6-25f2-47.csv,/head-6a0faee6-25f2-47.csv,1,0
131,49642756-a0ab-4b,2,SeaVoyage,/frames/49642756-a0ab-4b/,/clip-49642756-a0ab-4b.mp4,/optic-49642756-a0ab-4b.mp4,/disp-49642756-a0ab-4b.mp4,/eye-49642756-a0ab-4b.csv,/head-49642756-a0ab-4b.csv,1,1
132,cf1effd9-1c63-48,2,SeaVoyage,/frames/cf1effd9-1c63-48/,/clip-cf1effd9-1c63-48.mp4,/optic-cf1effd9-1c63-48.mp4,/disp-cf1effd9-1c63-48.mp4,/eye-cf1effd9-1c63-48.csv,/head-cf1effd9-1c63-48.csv,1,1
133,35023388-ba50-4b,2,SeaVoyage,/frames/35023388-ba50-4b/,/clip-35023388-ba50-4b.mp4,/optic-35023388-ba50-4b.mp4,/disp-35023388-ba50-4b.mp4,/eye-35023388-ba50-4b.csv,/head-35023388-ba50-4b.csv,1,1
134,6960cbb9-5f8a-4f,2,SeaVoyage,/frames/6960cbb9-5f8a-4f/,/clip-6960cbb9-5f8a-4f.mp4,/optic-6960cbb9-5f8a-4f.mp4,/disp-6960cbb9-5f8a-4f.mp4,/eye-6960cbb9-5f8a-4f.csv,/head-6960cbb9-5f8a-4f.csv,2,0
135,5a2a2b70-dbfd-4a,2,SeaVoyage,/frames/5a2a2b70-dbfd-4a/,/clip-5a2a2b70-dbfd-4a.mp4,/optic-5a2a2b70-dbfd-4a.mp4,/disp-5a2a2b70-dbfd-4a.mp4,/eye-5a2a2b70-dbfd-4a.csv,/head-5a2a2b70-dbfd-4a.csv,2,1
136,e864a005-a6de-48,2,SeaVoyage,/frames/e864a005-a6de-48/,/clip-e864a005-a6de-48.mp4,/optic-e864a005-a6de-48.mp4,/disp-e864a005-a6de-48.mp4,/eye-e864a005-a6de-48.csv,/head-e864a005-a6de-48.csv,2,2
137,8e94348d-4907-49,2,SeaVoyage,/frames/8e94348d-4907-49/,/clip-8e94348d-4907-49.mp4,/optic-8e94348d-4907-49.mp4,/disp-8e94348d-4907-49.mp4,/eye-8e94348d-4907-49.csv,/head-8e94348d-4907-49.csv,2,1
138,541a234e-68c4-4d,2,SeaVoyage,/frames/541a234e-68c4-4d/,/clip-541a234e-68c4-4d.mp4,/optic-541a234e-68c4-4d.mp4,/disp-541a234e-68c4-4d.mp4,/eye-541a234e-68c4-4d.csv,/head-541a234e-68c4-4d.csv,2,1
139,8ec64201-a6e4-4a,2,SeaVoyage,/frames/8ec64201-a6e4-4a/,/clip-8ec64201-a6e4-4a.mp4,/optic-8ec64201-a6e4-4a.mp4,/disp-8ec64201-a6e4-4a.mp4,/eye-8ec64201-a6e4-4a.csv,/head-8ec64201-a6e4-4a.csv,2,1
140,e1c6e60f-0266-42,2,SeaVoyage,/frames/e1c6e60f-0266-42/,/clip-e1c6e60f-0266-42.mp4,/optic-e1c6e60f-0266-42.mp4,/disp-e1c6e60f-0266-42.mp4,/eye-e1c6e60f-0266-42.csv,/head-e1c6e60f-0266-42.csv,2,1
141,14528844-7386-44,2,SeaVoyage,/frames/14528844-7386-44/,/clip-14528844-7386-44.mp4,/optic-14528844-7386-44.mp4,/disp-14528844-7386-44.mp4,/eye-14528844-7386-44.csv,/head-14528844-7386-44.csv,2,1
142,38411b35-0651-4d,2,SeaVoyage,/frames/38411b35-0651-4d/,/clip-38411b35-0651-4d.mp4,/optic-38411b35-0651-4d.mp4,/disp-38411b35-0651-4d.mp4,/eye-38411b35-0651-4d.csv,/head-38411b35-0651-4d.csv,2,1
143,7024f4e8-645a-4f,3,SeaVoyage,/frames/7024f4e8-645a-4f/,/clip-7024f4e8-645a-4f.mp4,/optic-7024f4e8-645a-4f.mp4,/disp-7024f4e8-645a-4f.mp4,/eye-7024f4e8-645a-4f.csv,/head-7024f4e8-645a-4f.csv,1,2
144,5b1b3806-b874-46,3,SeaVoyage,/frames/5b1b3806-b874-46/,/clip-5b1b3806-b874-46.mp4,/optic-5b1b3806-b874-46.mp4,/disp-5b1b3806-b874-46.mp4,/eye-5b1b3806-b874-46.csv,/head-5b1b3806-b874-46.csv,1,2
145,060af537-7f95-48,3,SeaVoyage,/frames/060af537-7f95-48/,/clip-060af537-7f95-48.mp4,/optic-060af537-7f95-48.mp4,/disp-060af537-7f95-48.mp4,/eye-060af537-7f95-48.csv,/head-060af537-7f95-48.csv,1,2
146,c8a72fed-629b-47,3,SeaVoyage,/frames/c8a72fed-629b-47/,/clip-c8a72fed-629b-47.mp4,/optic-c8a72fed-629b-47.mp4,/disp-c8a72fed-629b-47.mp4,/eye-c8a72fed-629b-47.csv,/head-c8a72fed-629b-47.csv,1,2
147,c3877edf-1ec4-4f,3,SeaVoyage,/frames/c3877edf-1ec4-4f/,/clip-c3877edf-1ec4-4f.mp4,/optic-c3877edf-1ec4-4f.mp4,/disp-c3877edf-1ec4-4f.mp4,/eye-c3877edf-1ec4-4f.csv,/head-c3877edf-1ec4-4f.csv,2,4
148,d04173a9-0c95-44,3,SeaVoyage,/frames/d04173a9-0c95-44/,/clip-d04173a9-0c95-44.mp4,/optic-d04173a9-0c95-44.mp4,/disp-d04173a9-0c95-44.mp4,/eye-d04173a9-0c95-44.csv,/head-d04173a9-0c95-44.csv,2,4
149,c7c03d98-6c1b-49,3,SeaVoyage,/frames/c7c03d98-6c1b-49/,/clip-c7c03d98-6c1b-49.mp4,/optic-c7c03d98-6c1b-49.mp4,/disp-c7c03d98-6c1b-49.mp4,/eye-c7c03d98-6c1b-49.csv,/head-c7c03d98-6c1b-49.csv,2,3
150,95d95f59-4c2a-46,3,SeaVoyage,/frames/95d95f59-4c2a-46/,/clip-95d95f59-4c2a-46.mp4,/optic-95d95f59-4c2a-46.mp4,/disp-95d95f59-4c2a-46.mp4,/eye-95d95f59-4c2a-46.csv,/head-95d95f59-4c2a-46.csv,2,3
151,845a20ce-7eb1-4a,3,SeaVoyage,/frames/845a20ce-7eb1-4a/,/clip-845a20ce-7eb1-4a.mp4,/optic-845a20ce-7eb1-4a.mp4,/disp-845a20ce-7eb1-4a.mp4,/eye-845a20ce-7eb1-4a.csv,/head-845a20ce-7eb1-4a.csv,2,4
152,9a609856-cec3-49,3,SeaVoyage,/frames/9a609856-cec3-49/,/clip-9a609856-cec3-49.mp4,/optic-9a609856-cec3-49.mp4,/disp-9a609856-cec3-49.mp4,/eye-9a609856-cec3-49.csv,/head-9a609856-cec3-49.csv,2,4
153,cc6a1ea7-5704-41,3,SeaVoyage,/frames/cc6a1ea7-5704-41/,/clip-cc6a1ea7-5704-41.mp4,/optic-cc6a1ea7-5704-41.mp4,/disp-cc6a1ea7-5704-41.mp4,/eye-cc6a1ea7-5704-41.csv,/head-cc6a1ea7-5704-41.csv,2,5
154,464e881e-8988-40,3,SeaVoyage,/frames/464e881e-8988-40/,/clip-464e881e-8988-40.mp4,/optic-464e881e-8988-40.mp4,/disp-464e881e-8988-40.mp4,/eye-464e881e-8988-40.csv,/head-464e881e-8988-40.csv,2,5
155,17b0ed83-cb46-47,3,SeaVoyage,/frames/17b0ed83-cb46-47/,/clip-17b0ed83-cb46-47.mp4,/optic-17b0ed83-cb46-47.mp4,/disp-17b0ed83-cb46-47.mp4,/eye-17b0ed83-cb46-47.csv,/head-17b0ed83-cb46-47.csv,2,4
156,fab50446-1bde-4c,1,WalkingBeach,/frames/fab50446-1bde-4c/,/clip-fab50446-1bde-4c.mp4,/optic-fab50446-1bde-4c.mp4,/disp-fab50446-1bde-4c.mp4,/eye-fab50446-1bde-4c.csv,/head-fab50446-1bde-4c.csv,1,1
157,1dab999e-c30b-43,1,WalkingBeach,/frames/1dab999e-c30b-43/,/clip-1dab999e-c30b-43.mp4,/optic-1dab999e-c30b-43.mp4,/disp-1dab999e-c30b-43.mp4,/eye-1dab999e-c30b-43.csv,/head-1dab999e-c30b-43.csv,2,1
158,1080098e-dbd9-49,1,WalkingBeach,/frames/1080098e-dbd9-49/,/clip-1080098e-dbd9-49.mp4,/optic-1080098e-dbd9-49.mp4,/disp-1080098e-dbd9-49.mp4,/eye-1080098e-dbd9-49.csv,/head-1080098e-dbd9-49.csv,1,1
159,d848a1fb-deb0-40,1,WalkingBeach,/frames/d848a1fb-deb0-40/,/clip-d848a1fb-deb0-40.mp4,/optic-d848a1fb-deb0-40.mp4,/disp-d848a1fb-deb0-40.mp4,/eye-d848a1fb-deb0-40.csv,/head-d848a1fb-deb0-40.csv,1,1
160,8b3a55ce-0fbb-43,1,WalkingBeach,/frames/8b3a55ce-0fbb-43/,/clip-8b3a55ce-0fbb-43.mp4,/optic-8b3a55ce-0fbb-43.mp4,/disp-8b3a55ce-0fbb-43.mp4,/eye-8b3a55ce-0fbb-43.csv,/head-8b3a55ce-0fbb-43.csv,1,1
161,93593c04-4950-4e,1,WalkingBeach,/frames/93593c04-4950-4e/,/clip-93593c04-4950-4e.mp4,/optic-93593c04-4950-4e.mp4,/disp-93593c04-4950-4e.mp4,/eye-93593c04-4950-4e.csv,/head-93593c04-4950-4e.csv,1,1
162,ec60965b-655a-4e,1,WalkingBeach,/frames/ec60965b-655a-4e/,/clip-ec60965b-655a-4e.mp4,/optic-ec60965b-655a-4e.mp4,/disp-ec60965b-655a-4e.mp4,/eye-ec60965b-655a-4e.csv,/head-ec60965b-655a-4e.csv,1,1
163,1a0c7e1b-09af-41,1,WalkingBeach,/frames/1a0c7e1b-09af-41/,/clip-1a0c7e1b-09af-41.mp4,/optic-1a0c7e1b-09af-41.mp4,/disp-1a0c7e1b-09af-41.mp4,/eye-1a0c7e1b-09af-41.csv,/head-1a0c7e1b-09af-41.csv,1,1
164,8dad8b55-fa39-4c,1,WalkingBeach,/frames/8dad8b55-fa39-4c/,/clip-8dad8b55-fa39-4c.mp4,/optic-8dad8b55-fa39-4c.mp4,/disp-8dad8b55-fa39-4c.mp4,/eye-8dad8b55-fa39-4c.csv,/head-8dad8b55-fa39-4c.csv,1,1
165,99f22576-2ccf-44,1,WalkingBeach,/frames/99f22576-2ccf-44/,/clip-99f22576-2ccf-44.mp4,/optic-99f22576-2ccf-44.mp4,/disp-99f22576-2ccf-44.mp4,/eye-99f22576-2ccf-44.csv,/head-99f22576-2ccf-44.csv,1,1
166,2f56c013-4ee3-49,1,WalkingBeach,/frames/2f56c013-4ee3-49/,/clip-2f56c013-4ee3-49.mp4,/optic-2f56c013-4ee3-49.mp4,/disp-2f56c013-4ee3-49.mp4,/eye-2f56c013-4ee3-49.csv,/head-2f56c013-4ee3-49.csv,1,2
167,476efe07-32e5-4c,1,WalkingBeach,/frames/476efe07-32e5-4c/,/clip-476efe07-32e5-4c.mp4,/optic-476efe07-32e5-4c.mp4,/disp-476efe07-32e5-4c.mp4,/eye-476efe07-32e5-4c.csv,/head-476efe07-32e5-4c.csv,1,2
168,664a24ff-2abc-41,1,WalkingBeach,/frames/664a24ff-2abc-41/,/clip-664a24ff-2abc-41.mp4,/optic-664a24ff-2abc-41.mp4,/disp-664a24ff-2abc-41.mp4,/eye-664a24ff-2abc-41.csv,/head-664a24ff-2abc-41.csv,0,1
169,cb982120-7d34-43,2,WalkingBeach,/frames/cb982120-7d34-43/,/clip-cb982120-7d34-43.mp4,/optic-cb982120-7d34-43.mp4,/disp-cb982120-7d34-43.mp4,/eye-cb982120-7d34-43.csv,/head-cb982120-7d34-43.csv,1,0
170,3ab06efd-8ae9-42,2,WalkingBeach,/frames/3ab06efd-8ae9-42/,/clip-3ab06efd-8ae9-42.mp4,/optic-3ab06efd-8ae9-42.mp4,/disp-3ab06efd-8ae9-42.mp4,/eye-3ab06efd-8ae9-42.csv,/head-3ab06efd-8ae9-42.csv,2,0
171,e8949973-2e6e-47,2,WalkingBeach,/frames/e8949973-2e6e-47/,/clip-e8949973-2e6e-47.mp4,/optic-e8949973-2e6e-47.mp4,/disp-e8949973-2e6e-47.mp4,/eye-e8949973-2e6e-47.csv,/head-e8949973-2e6e-47.csv,1,0
172,e420dfd0-ff9f-40,2,WalkingBeach,/frames/e420dfd0-ff9f-40/,/clip-e420dfd0-ff9f-40.mp4,/optic-e420dfd0-ff9f-40.mp4,/disp-e420dfd0-ff9f-40.mp4,/eye-e420dfd0-ff9f-40.csv,/head-e420dfd0-ff9f-40.csv,1,0
173,46d5cfa5-421a-46,2,WalkingBeach,/frames/46d5cfa5-421a-46/,/clip-46d5cfa5-421a-46.mp4,/optic-46d5cfa5-421a-46.mp4,/disp-46d5cfa5-421a-46.mp4,/eye-46d5cfa5-421a-46.csv,/head-46d5cfa5-421a-46.csv,1,1
174,8d4877e0-2448-46,2,WalkingBeach,/frames/8d4877e0-2448-46/,/clip-8d4877e0-2448-46.mp4,/optic-8d4877e0-2448-46.mp4,/disp-8d4877e0-2448-46.mp4,/eye-8d4877e0-2448-46.csv,/head-8d4877e0-2448-46.csv,1,0
175,41136b58-41c9-42,2,WalkingBeach,/frames/41136b58-41c9-42/,/clip-41136b58-41c9-42.mp4,/optic-41136b58-41c9-42.mp4,/disp-41136b58-41c9-42.mp4,/eye-41136b58-41c9-42.csv,/head-41136b58-41c9-42.csv,1,0
176,ffa147b0-226e-41,2,WalkingBeach,/frames/ffa147b0-226e-41/,/clip-ffa147b0-226e-41.mp4,/optic-ffa147b0-226e-41.mp4,/disp-ffa147b0-226e-41.mp4,/eye-ffa147b0-226e-41.csv,/head-ffa147b0-226e-41.csv,1,0
177,31787070-5d92-48,2,WalkingBeach,/frames/31787070-5d92-48/,/clip-31787070-5d92-48.mp4,/optic-31787070-5d92-48.mp4,/disp-31787070-5d92-48.mp4,/eye-31787070-5d92-48.csv,/head-31787070-5d92-48.csv,1,0
178,0277591c-328b-49,2,WalkingBeach,/frames/0277591c-328b-49/,/clip-0277591c-328b-49.mp4,/optic-0277591c-328b-49.mp4,/disp-0277591c-328b-49.mp4,/eye-0277591c-328b-49.csv,/head-0277591c-328b-49.csv,1,0
179,15858131-67bd-40,2,WalkingBeach,/frames/15858131-67bd-40/,/clip-15858131-67bd-40.mp4,/optic-15858131-67bd-40.mp4,/disp-15858131-67bd-40.mp4,/eye-15858131-67bd-40.csv,/head-15858131-67bd-40.csv,1,0
180,b30fee58-0e4e-42,2,WalkingBeach,/frames/b30fee58-0e4e-42/,/clip-b30fee58-0e4e-42.mp4,/optic-b30fee58-0e4e-42.mp4,/disp-b30fee58-0e4e-42.mp4,/eye-b30fee58-0e4e-42.csv,/head-b30fee58-0e4e-42.csv,1,0
181,f59e67e1-392d-4b,2,WalkingBeach,/frames/f59e67e1-392d-4b/,/clip-f59e67e1-392d-4b.mp4,/optic-f59e67e1-392d-4b.mp4,/disp-f59e67e1-392d-4b.mp4,/eye-f59e67e1-392d-4b.csv,/head-f59e67e1-392d-4b.csv,0,0
182,39161cd9-73e9-4c,3,WalkingBeach,/frames/39161cd9-73e9-4c/,/clip-39161cd9-73e9-4c.mp4,/optic-39161cd9-73e9-4c.mp4,/disp-39161cd9-73e9-4c.mp4,/eye-39161cd9-73e9-4c.csv,/head-39161cd9-73e9-4c.csv,1,1.0
183,504f8964-3a33-4a,3,WalkingBeach,/frames/504f8964-3a33-4a/,/clip-504f8964-3a33-4a.mp4,/optic-504f8964-3a33-4a.mp4,/disp-504f8964-3a33-4a.mp4,/eye-504f8964-3a33-4a.csv,/head-504f8964-3a33-4a.csv,2,3.0
184,c5126240-f1af-40,3,WalkingBeach,/frames/c5126240-f1af-40/,/clip-c5126240-f1af-40.mp4,/optic-c5126240-f1af-40.mp4,/disp-c5126240-f1af-40.mp4,/eye-c5126240-f1af-40.csv,/head-c5126240-f1af-40.csv,1,2.0
185,6fb1d702-fd41-40,3,WalkingBeach,/frames/6fb1d702-fd41-40/,/clip-6fb1d702-fd41-40.mp4,/optic-6fb1d702-fd41-40.mp4,/disp-6fb1d702-fd41-40.mp4,/eye-6fb1d702-fd41-40.csv,/head-6fb1d702-fd41-40.csv,1,1.0
186,0c165753-cc87-45,3,WalkingBeach,/frames/0c165753-cc87-45/,/clip-0c165753-cc87-45.mp4,/optic-0c165753-cc87-45.mp4,/disp-0c165753-cc87-45.mp4,/eye-0c165753-cc87-45.csv,/head-0c165753-cc87-45.csv,1,1.0
187,b077a138-fbe9-4e,3,WalkingBeach,/frames/b077a138-fbe9-4e/,/clip-b077a138-fbe9-4e.mp4,/optic-b077a138-fbe9-4e.mp4,/disp-b077a138-fbe9-4e.mp4,/eye-b077a138-fbe9-4e.csv,/head-b077a138-fbe9-4e.csv,1,2.0
188,4d05f39f-8598-48,3,WalkingBeach,/frames/4d05f39f-8598-48/,/clip-4d05f39f-8598-48.mp4,/optic-4d05f39f-8598-48.mp4,/disp-4d05f39f-8598-48.mp4,/eye-4d05f39f-8598-48.csv,/head-4d05f39f-8598-48.csv,1,1.0
189,c5e08cd5-e76a-4e,3,WalkingBeach,/frames/c5e08cd5-e76a-4e/,/clip-c5e08cd5-e76a-4e.mp4,/optic-c5e08cd5-e76a-4e.mp4,/disp-c5e08cd5-e76a-4e.mp4,/eye-c5e08cd5-e76a-4e.csv,/head-c5e08cd5-e76a-4e.csv,1,1.0
190,2e0dd80f-b620-43,3,WalkingBeach,/frames/2e0dd80f-b620-43/,/clip-2e0dd80f-b620-43.mp4,/optic-2e0dd80f-b620-43.mp4,/disp-2e0dd80f-b620-43.mp4,/eye-2e0dd80f-b620-43.csv,/head-2e0dd80f-b620-43.csv,1,1.0
191,ad3a3f51-d55c-48,3,WalkingBeach,/frames/ad3a3f51-d55c-48/,/clip-ad3a3f51-d55c-48.mp4,/optic-ad3a3f51-d55c-48.mp4,/disp-ad3a3f51-d55c-48.mp4,/eye-ad3a3f51-d55c-48.csv,/head-ad3a3f51-d55c-48.csv,1,2.0
192,cb194d1f-cff5-4c,3,WalkingBeach,/frames/cb194d1f-cff5-4c/,/clip-cb194d1f-cff5-4c.mp4,/optic-cb194d1f-cff5-4c.mp4,/disp-cb194d1f-cff5-4c.mp4,/eye-cb194d1f-cff5-4c.csv,/head-cb194d1f-cff5-4c.csv,1,1.0
193,4a4f120b-46bf-44,3,WalkingBeach,/frames/4a4f120b-46bf-44/,/clip-4a4f120b-46bf-44.mp4,/optic-4a4f120b-46bf-44.mp4,/disp-4a4f120b-46bf-44.mp4,/eye-4a4f120b-46bf-44.csv,/head-4a4f120b-46bf-44.csv,1,1.0
